#SampleID	BarcodeSequence	LinkerPrimerSequence	BioSample_s	ENA_run_accession	ENA_sample_accession	depth_m	Experiment	SalinityEnviron	Habitat	latitude	longitude	MBases_l	MBytes_l	Microbial_biomass	original_sample_name	Sample_collection_date	date	year	month	day	day_of_year	year_fractional	Storage_conditions_fresh_frozen_other	Time_of_sample_collection	Amplification	BioProject	SRA_Study	description
Baltic.S216	GGGGGG	GGGGGG	SAMEA1696290	ERR215957	ERS202308	1	ERX190519	26.93	Baltic Sea	57.675	11.09216667	0	1	3370000	S216	2008-07-13	2008.07.13	2008	07	13	194	2008.531507	precipitation mix	13:52	PCR	PRJEB1245	ERP002080	Baltic.S216
Baltic.S191	GGGGGG	GGGGGG	SAMEA1696192	ERR215917	ERS202309	27	ERX190493	30.72	Baltic Sea	55.26866667	11.0525	1	2	4880000	S191	2008-07-12	2008.07.12	2008	07	12	193	2008.528767	precipitation mix	05:56	PCR	PRJEB1245	ERP002080	Baltic.S191
Baltic.S192	GGGGGG	GGGGGG	SAMEA1696213	ERR215820	ERS202310	1	ERX190558	14.99	Baltic Sea	55.74816667	10.814	0	1	3440000	S192	2008-07-12	2008.07.12	2008	07	12	193	2008.528767	precipitation mix	08:42	PCR	PRJEB1245	ERP002080	Baltic.S192
Baltic.S130	GGGGGG	GGGGGG	SAMEA1696289	ERR215998	ERS202317	70	ERX190537	8.36	Baltic Sea	59.38283333	23.719	0	0	1500000	S130	2008-07-07	2008.07.07	2008	07	07	188	2008.515068	precipitation mix	07:50	PCR	PRJEB1245	ERP002080	Baltic.S130
Baltic.S82	GGGGGG	GGGGGG	SAMEA1696306	ERR215951	ERS202316	50	ERX190620	3.02	Baltic Sea	65.3915	23.49916667	0	1	1940000	S82	2008-06-30	2008.06.30	2008	06	30	181	2008.49589	precipitation mix	00:34	PCR	PRJEB1245	ERP002080	Baltic.S82
Baltic.S39	GGGGGG	GGGGGG	SAMEA1696238	ERR215908	ERS202313	10	ERX190500	7.25	Baltic Sea	56.847	19.70883333	1	3	4470000	S39	2008-06-23	2008.06.23	2008	06	23	174	2008.476712	precipitation mix	13:39	PCR	PRJEB1245	ERP002080	Baltic.S39
Baltic.S84	GGGGGG	GGGGGG	SAMEA1696216	ERR215897	ERS202311	10	ERX190471	2.81	Baltic Sea	64.70766667	22.05233333	0	1	3240000	S84	2008-06-30	2008.06.30	2008	06	30	181	2008.49589	precipitation mix	18:34	PCR	PRJEB1245	ERP002080	Baltic.S84
Baltic.S187	GGGGGG	GGGGGG	SAMEA1696250	ERR215871	ERS202312	10	ERX190501	13.91	Baltic Sea	54.78783333	10.87916667	0	1	6650000	S187	2008-07-12	2008.07.12	2008	07	12	193	2008.528767	precipitation mix	03:02	PCR	PRJEB1245	ERP002080	Baltic.S187
Baltic.S219	GGGGGG	GGGGGG	SAMEA1696264	ERR215983	ERS202314	25	ERX190484	31.91	Baltic Sea	57.675	11.09216667	0	1	1930000	S219	2008-07-13	2008.07.13	2008	07	13	194	2008.531507	precipitation mix	13:52	PCR	PRJEB1245	ERP002080	Baltic.S219
Baltic.S128	GGGGGG	GGGGGG	SAMEA1696233	ERR215831	ERS202324	20	ERX190468	6.28	Baltic Sea	59.38283333	23.719	0	0	4010000	S128	2008-07-07	2008.07.07	2008	07	07	188	2008.515068	precipitation mix	07:50	PCR	PRJEB1245	ERP002080	Baltic.S128
Baltic.S141	GGGGGG	GGGGGG	SAMEA1696268	ERR215792	ERS202329	40	ERX190550	6.63	Baltic Sea	59.28483333	19.45983333	0	1	2970000	S141	2008-07-07	2008.07.07	2008	07	07	188	2008.515068	precipitation mix	19:32	PCR	PRJEB1245	ERP002080	Baltic.S141
Baltic.S48	GGGGGG	GGGGGG	SAMEA1696275	ERR215795	ERS202318	240	ERX190486	12.64	Baltic Sea	57.3055	20.0745	1	3	2100000	S48	2008-06-23	2008.06.23	2008	06	23	174	2008.476712	precipitation mix	19:24	PCR	PRJEB1245	ERP002080	Baltic.S48
Baltic.S18	GGGGGG	GGGGGG	SAMEA1696350	ERR215847	ERS202323	72	ERX190596	14.49	Baltic Sea	55.53283333	14.91966667	1	3	743000	S18	2008-06-21	2008.06.21	2008	06	21	172	2008.471233	<not provided>	12:11	PCR	PRJEB1245	ERP002080	Baltic.S18
Baltic.S210	GGGGGG	GGGGGG	SAMEA1696201	ERR215868	ERS202326	41	ERX190507	33.77	Baltic Sea	56.87683333	11.93283333	0	1	3040000	S210	2008-07-12	2008.07.12	2008	07	12	193	2008.528767	precipitation mix	23:10	PCR	PRJEB1245	ERP002080	Baltic.S210
Baltic.S33	GGGGGG	GGGGGG	SAMEA1696347	ERR215886	ERS202321	70	ERX190461	7.67	Baltic Sea	55.55	18.4005	0	1	364000	S33	2008-06-23	2008.06.23	2008	06	23	174	2008.476712	precipitation mix	03:50	PCR	PRJEB1245	ERP002080	Baltic.S33
Baltic.S37	GGGGGG	GGGGGG	SAMEA1696212	ERR215927	ERS202325	75	ERX190521	8.63	Baltic Sea	55.933	18.92733333	0	1	6390000	S37	2008-06-23	2008.06.23	2008	06	23	174	2008.476712	precipitation mix	07:48	PCR	PRJEB1245	ERP002080	Baltic.S37
Baltic.S140	GGGGGG	GGGGGG	SAMEA1696336	ERR215854	ERS202322	20	ERX190658	5.65	Baltic Sea	59.28483333	19.45983333	0	1	6630000	S140	2008-07-07	2008.07.07	2008	07	07	188	2008.515068	precipitation mix	19:32	PCR	PRJEB1245	ERP002080	Baltic.S140
Baltic.S143	GGGGGG	GGGGGG	SAMEA1696262	ERR215985	ERS202328	10	ERX190551	6.29	Baltic Sea	58.86	19.09633333	0	0	12700000	S143	2008-07-07	2008.07.07	2008	07	07	188	2008.515068	precipitation mix	22:28	PCR	PRJEB1245	ERP002080	Baltic.S143
Baltic.S107	GGGGGG	GGGGGG	SAMEA1696323	ERR215892	ERS202319	10	ERX190607	5.91	Baltic Sea	59.43583333	22.97216667	0	2	5030000	S107	2008-07-03	2008.07.03	2008	07	03	184	2008.50411	precipitation mix	19:07	PCR	PRJEB1245	ERP002080	Baltic.S107
Baltic.S196	GGGGGG	GGGGGG	SAMEA1696382	ERR215907	ERS202320	16	ERX190577	28.96	Baltic Sea	56.21133333	11.11066667	0	1	3470000	S196	2008-07-12	2008.07.12	2008	07	12	193	2008.528767	precipitation mix	11:44	PCR	PRJEB1245	ERP002080	Baltic.S196
Baltic.S53	GGGGGG	GGGGGG	SAMEA1696185	ERR215958	ERS202327	100	ERX190626	10.82	Baltic Sea	57.30666667	20.0775	0	2	781000	S53	2008-06-26	2008.06.26	2008	06	26	177	2008.484932	precipitation mix	13:57	PCR	PRJEB1245	ERP002080	Baltic.S53
Baltic.S161	GGGGGG	GGGGGG	SAMEA1696278	ERR215850	ERS202345	60	ERX190534	7.53	Baltic Sea	58.1515	17.7365	0	0	1700000	S161	2008-07-10	2008.07.10	2008	07	10	191	2008.523288	precipitation mix	00:16	PCR	PRJEB1245	ERP002080	Baltic.S161
Baltic.S166	GGGGGG	GGGGGG	SAMEA1696372	ERR215987	ERS202342	131	ERX190535	10.2	Baltic Sea	57.69983333	17.3535	0	0	3300000	S166	2008-07-10	2008.07.10	2008	07	10	191	2008.523288	precipitation mix	04:25	PCR	PRJEB1245	ERP002080	Baltic.S166
Baltic.S8	GGGGGG	GGGGGG	SAMEA1696292	ERR215830	ERS202330	70	ERX190588	14.7	Baltic Sea	54.85683333	15.38433333	1	2	681000	S8	2008-06-19	2008.06.19	2008	06	19	170	2008.465753	precipitation mix	05:51	PCR	PRJEB1245	ERP002080	Baltic.S8
Baltic.S29	GGGGGG	GGGGGG	SAMEA1696211	ERR215837	ERS202337	70	ERX190579	8.38	Baltic Sea	54.8665	19.2835	0	2	620000	S29	2008-06-22	2008.06.22	2008	06	22	173	2008.473973	precipitation mix	16:19	PCR	PRJEB1245	ERP002080	Baltic.S29
Baltic.SL51	GGGGGG	GGGGGG	SAMEA1696184	ERR215838	ERS202339	1	ERX190523	0	Lake	59.84083333	17.8355	0	1	NA	SL51	NA	NA	NA	NA	NA	NA	NA	precipitation mix	NA	PCR	PRJEB1245	ERP002080	Baltic.SL51
Baltic.S148	GGGGGG	GGGGGG	SAMEA1696191	ERR215973	ERS202351	20	ERX190649	6.83	Baltic Sea	58.58316667	18.23366667	0	0	8020000	S148	2008-07-09	2008.07.09	2008	07	09	190	2008.520548	precipitation mix	10:52	PCR	PRJEB1245	ERP002080	Baltic.S148
Baltic.S119	GGGGGG	GGGGGG	SAMEA1696327	ERR215989	ERS202346	10	ERX190568	5.05	Baltic Sea	59.83366667	25.901	0	1	8040000	S119	2008-07-04	2008.07.04	2008	07	04	185	2008.506849	precipitation mix	11:19	PCR	PRJEB1245	ERP002080	Baltic.S119
Baltic.S199	GGGGGG	GGGGGG	SAMEA1696245	ERR215860	ERS202348	1	ERX190578	17.38	Baltic Sea	56.36	12.2635	0	2	3390000	S199	2008-07-12	2008.07.12	2008	07	12	193	2008.528767	precipitation mix	15:33	PCR	PRJEB1245	ERP002080	Baltic.S199
Baltic.S80	GGGGGG	GGGGGG	SAMEA1696235	ERR215877	ERS202349	7.5	ERX190473	2.66	Baltic Sea	65.3915	23.49916667	0	2	2670000	S80	2008-06-30	2008.06.30	2008	06	30	181	2008.49589	precipitation mix	00:34	PCR	PRJEB1245	ERP002080	Baltic.S80
Baltic.S168	GGGGGG	GGGGGG	SAMEA1696195	ERR215880	ERS202338	30	ERX190643	7.33	Baltic Sea	57.2235	17.58133333	0	0	22900000	S168	2008-07-10	2008.07.10	2008	07	10	191	2008.523288	precipitation mix	07:18	PCR	PRJEB1245	ERP002080	Baltic.S168
Baltic.S44	GGGGGG	GGGGGG	SAMEA1696207	ERR215817	ERS202353	80	ERX190524	9.79	Baltic Sea	57.3055	20.0745	1	2	313000	S44	2008-06-23	2008.06.23	2008	06	23	174	2008.476712	precipitation mix	19:24	PCR	PRJEB1245	ERP002080	Baltic.S44
Baltic.S202	GGGGGG	GGGGGG	SAMEA1696295	ERR215902	ERS202344	31	ERX190603	33.49	Baltic Sea	56.36	12.2635	0	1	4050000	S202	2008-07-12	2008.07.12	2008	07	12	193	2008.528767	precipitation mix	15:33	PCR	PRJEB1245	ERP002080	Baltic.S202
Baltic.S159	GGGGGG	GGGGGG	SAMEA1696314	ERR215921	ERS202347	10	ERX190510	6.86	Baltic Sea	58.1515	17.7365	0	1	10100000	S159	2008-07-10	2008.07.10	2008	07	10	191	2008.523288	precipitation mix	00:16	PCR	PRJEB1245	ERP002080	Baltic.S159
Baltic.S73	GGGGGG	GGGGGG	SAMEA1696260	ERR215941	ERS202331	80	ERX190564	5.9	Baltic Sea	62.14433333	19.719	0	1	1180000	S73	2008-06-29	2008.06.29	2008	06	29	180	2008.493151	precipitation mix	08:06	PCR	PRJEB1245	ERP002080	Baltic.S73
Baltic.S6	GGGGGG	GGGGGG	SAMEA1696197	ERR215857	ERS202352	10	ERX190548	7.52	Baltic Sea	54.85683333	15.38433333	0	2	1600000	S6	2008-06-19	2008.06.19	2008	06	19	170	2008.465753	precipitation mix	05:51	PCR	PRJEB1245	ERP002080	Baltic.S6
Baltic.S65	GGGGGG	GGGGGG	SAMEA1696248	ERR215920	ERS202334	120	ERX190480	10.93	Baltic Sea	58.30833333	20.35133333	0	1	1690000	S65	2008-06-27	2008.06.27	2008	06	27	178	2008.487671	precipitation mix	22:52	PCR	PRJEB1245	ERP002080	Baltic.S65
Baltic.S142	GGGGGG	GGGGGG	SAMEA1696338	ERR215934	ERS202340	67	ERX190533	8.89	Baltic Sea	59.28483333	19.45983333	0	0	2410000	S142	2008-07-07	2008.07.07	2008	07	07	188	2008.515068	precipitation mix	19:32	PCR	PRJEB1245	ERP002080	Baltic.S142
Baltic.S28	GGGGGG	GGGGGG	SAMEA1696267	ERR215962	ERS202350	40	ERX190502	7.47	Baltic Sea	54.8665	19.2835	1	2	495000	S28	2008-06-22	2008.06.22	2008	06	22	173	2008.473973	precipitation mix	16:19	PCR	PRJEB1245	ERP002080	Baltic.S28
Baltic.S177	GGGGGG	GGGGGG	SAMEA1696256	ERR215971	ERS202333	40	ERX190492	7.83	Baltic Sea	56.32	16.95083333	0	0	2140000	S177	2008-07-10	2008.07.10	2008	07	10	191	2008.523288	precipitation mix	12:55	PCR	PRJEB1245	ERP002080	Baltic.S177
Baltic.S226	GGGGGG	GGGGGG	SAMEA1696242	ERR215913	ERS202335	1	ERX190647	30.91	Baltic Sea	58.35433333	10.30183333	0	1	NA	S226	2008-07-14	2008.07.14	2008	07	14	195	2008.534247	precipitation mix	19:36	PCR	PRJEB1245	ERP002080	Baltic.S226
Baltic.S154	GGGGGG	GGGGGG	SAMEA1696390	ERR215875	ERS202341	76	ERX190472	9.06	Baltic Sea	58.58333333	18.2335	0	0	NA	S154	2008-07-09	2008.07.09	2008	07	09	190	2008.520548	precipitation mix	16:57	PCR	PRJEB1245	ERP002080	Baltic.S154
Baltic.S49	GGGGGG	GGGGGG	SAMEA1696304	ERR215999	ERS202343	10	ERX190456	7.16	Baltic Sea	57.30666667	20.0775	0	1	239000000	S49	2008-06-26	2008.06.26	2008	06	26	177	2008.484932	precipitation mix	13:57	PCR	PRJEB1245	ERP002080	Baltic.S49
Baltic.S185	GGGGGG	GGGGGG	SAMEA1696225	ERR215968	ERS202336	37	ERX190544	16.43	Baltic Sea	55.1115	13.30066667	0	0	2040000	S185	2008-07-11	2008.07.11	2008	07	11	192	2008.526027	precipitation mix	18:19	PCR	PRJEB1245	ERP002080	Baltic.S185
Baltic.S173	GGGGGG	GGGGGG	SAMEA1696255	ERR215969	ERS202332	60	ERX190631	7.58	Baltic Sea	56.76	17.35383333	0	1	1760000	S173	2008-07-10	2008.07.10	2008	07	10	191	2008.523288	precipitation mix	10:03	PCR	PRJEB1245	ERP002080	Baltic.S173
Baltic.S190	GGGGGG	GGGGGG	SAMEA1696335	ERR215887	ERS202375	15	ERX190639	27.23	Baltic Sea	55.26866667	11.0525	0	1	4070000	S190	2008-07-12	2008.07.12	2008	07	12	193	2008.528767	precipitation mix	05:56	PCR	PRJEB1245	ERP002080	Baltic.S190
Baltic.S184	GGGGGG	GGGGGG	SAMEA1696388	ERR215818	ERS202399	30	ERX190653	12.06	Baltic Sea	55.1115	13.30066667	2	4	2660000	S184	2008-07-11	2008.07.11	2008	07	11	192	2008.526027	precipitation mix	18:19	PCR	PRJEB1245	ERP002080	Baltic.S184
Baltic.S56	GGGGGG	GGGGGG	SAMEA1696253	ERR215852	ERS202368	135	ERX190525	11.89	Baltic Sea	57.30666667	20.0775	0	2	3450000	S56	2008-06-26	2008.06.26	2008	06	26	177	2008.484932	precipitation mix	13:57	PCR	PRJEB1245	ERP002080	Baltic.S56
Baltic.S101	GGGGGG	GGGGGG	SAMEA1696353	ERR215790	ERS202396	20	ERX190485	6.53	Baltic Sea	59.4995	21.0005	1	3	2810000	S101	2008-07-03	2008.07.03	2008	07	03	184	2008.50411	precipitation mix	12:19	PCR	PRJEB1245	ERP002080	Baltic.S101
Baltic.S213	GGGGGG	GGGGGG	SAMEA1696379	ERR215794	ERS202398	20	ERX190665	30.9	Baltic Sea	57.19166667	11.66683333	0	2	2390000	S213	2008-07-13	2008.07.13	2008	07	13	194	2008.531507	precipitation mix	01:40	PCR	PRJEB1245	ERP002080	Baltic.S213
Baltic.S125	GGGGGG	GGGGGG	SAMEA1696194	ERR215804	ERS202365	60	ERX190592	7.32	Baltic Sea	59.78283333	26.58416667	0	2	1730000	S125	2008-07-04	2008.07.04	2008	07	04	185	2008.506849	precipitation mix	13:47	PCR	PRJEB1245	ERP002080	Baltic.S125
Baltic.S115	GGGGGG	GGGGGG	SAMEA1696330	ERR215806	ERS202356	2	ERX190483	5.53	Baltic Sea	59.798	24.77916667	0	0	6360000	S115	2008-07-04	2008.07.04	2008	07	04	185	2008.506849	precipitation mix	08:26	PCR	PRJEB1245	ERP002080	Baltic.S115
Baltic.S188	GGGGGG	GGGGGG	SAMEA1696198	ERR215811	ERS202367	15	ERX190650	16.62	Baltic Sea	54.78783333	10.87916667	0	1	7530000	S188	2008-07-12	2008.07.12	2008	07	12	193	2008.528767	precipitation mix	03:02	PCR	PRJEB1245	ERP002080	Baltic.S188
Baltic.S68	GGGGGG	GGGGGG	SAMEA1696193	ERR215824	ERS202401	20	ERX190506	5.82	Baltic Sea	60.19333333	19.119	0	1	1650000	S68	2008-06-28	2008.06.28	2008	06	28	179	2008.490411	precipitation mix	21:33	PCR	PRJEB1245	ERP002080	Baltic.S68
Baltic.S42	GGGGGG	GGGGGG	SAMEA1696273	ERR215827	ERS202369	140	ERX190462	11.91	Baltic Sea	56.847	19.70883333	1	3	118000	S42	2008-06-23	2008.06.23	2008	06	23	174	2008.476712	precipitation mix	13:39	PCR	PRJEB1245	ERP002080	Baltic.S42
Baltic.S20	GGGGGG	GGGGGG	SAMEA1696261	ERR215842	ERS202388	40	ERX190655	7.67	Baltic Sea	55.53283333	14.91966667	1	2	539000	S20	2008-06-21	2008.06.21	2008	06	21	172	2008.471233	precipitation mix	14:46	PCR	PRJEB1245	ERP002080	Baltic.S20
Baltic.S76	GGGGGG	GGGGGG	SAMEA1696322	ERR215843	ERS202374	10	ERX190621	5.33	Baltic Sea	63.05966667	20.5145	0	1	2730000	S76	2008-06-29	2008.06.29	2008	06	29	180	2008.493151	precipitation mix	12:49	PCR	PRJEB1245	ERP002080	Baltic.S76
Baltic.S209	GGGGGG	GGGGGG	SAMEA1696315	ERR215846	ERS202357	20	ERX190495	30.09	Baltic Sea	56.87683333	11.93283333	0	1	2550000	S209	2008-07-12	2008.07.12	2008	07	12	193	2008.528767	precipitation mix	23:10	PCR	PRJEB1245	ERP002080	Baltic.S209
Baltic.S200	GGGGGG	GGGGGG	SAMEA1696302	ERR215848	ERS202372	10	ERX190584	23.28	Baltic Sea	56.36	12.2635	0	1	2920000	S200	2008-07-12	2008.07.12	2008	07	12	193	2008.528767	precipitation mix	15:33	PCR	PRJEB1245	ERP002080	Baltic.S200
Baltic.S72	GGGGGG	GGGGGG	SAMEA1696362	ERR215853	ERS202377	10	ERX190496	5.3	Baltic Sea	62.14433333	19.719	0	1	3180000	S72	2008-06-29	2008.06.29	2008	06	29	180	2008.493151	precipitation mix	08:06	PCR	PRJEB1245	ERP002080	Baltic.S72
Baltic.S178	GGGGGG	GGGGGG	SAMEA1696229	ERR215856	ERS202355	52	ERX190511	8.05	Baltic Sea	56.32	16.95083333	0	0	2500000	S178	2008-07-10	2008.07.10	2008	07	10	191	2008.523288	precipitation mix	12:55	PCR	PRJEB1245	ERP002080	Baltic.S178
Baltic.S204	GGGGGG	GGGGGG	SAMEA1696361	ERR215859	ERS202382	5.5	ERX190599	21.46	Baltic Sea	56.69216667	11.0725	0	1	3910000	S204	2008-07-12	2008.07.12	2008	07	12	193	2008.528767	precipitation mix	20:10	PCR	PRJEB1245	ERP002080	Baltic.S204
Baltic.S21	GGGGGG	GGGGGG	SAMEA1696276	ERR215826	ERS202370	60	ERX190605	11.2	Baltic Sea	55.53283333	14.91966667	0	2	509000	S21	2008-06-21	2008.06.21	2008	06	21	172	2008.471233	precipitation mix	14:46	PCR	PRJEB1245	ERP002080	Baltic.S21
Baltic.S117	GGGGGG	GGGGGG	SAMEA1696270	ERR215866	ERS202387	40	ERX190632	6.51	Baltic Sea	59.798	24.77916667	0	1	513000	S117	2008-07-04	2008.07.04	2008	07	04	185	2008.506849	precipitation mix	08:26	PCR	PRJEB1245	ERP002080	Baltic.S117
Baltic.S34	GGGGGG	GGGGGG	SAMEA1696383	ERR215872	ERS202379	80	ERX190556	10.01	Baltic Sea	55.55	18.4005	1	2	530000	S34	2008-06-23	2008.06.23	2008	06	23	174	2008.476712	precipitation mix	03:50	PCR	PRJEB1245	ERP002080	Baltic.S34
Baltic.S110	GGGGGG	GGGGGG	SAMEA1696210	ERR215883	ERS202393	95	ERX190597	10.01	Baltic Sea	59.43583333	22.97216667	1	2	2740000	S110	2008-07-03	2008.07.03	2008	07	03	184	2008.50411	precipitation mix	19:07	PCR	PRJEB1245	ERP002080	Baltic.S110
Baltic.S12	GGGGGG	GGGGGG	SAMEA1696228	ERR215884	ERS202394	10	ERX190636	7.69	Baltic Sea	55.1845	14.43483333	1	2	1720000	S12	2008-06-21	2008.06.21	2008	06	21	172	2008.471233	precipitation mix	09:21	PCR	PRJEB1245	ERP002080	Baltic.S12
Baltic.S138	GGGGGG	GGGGGG	SAMEA1696251	ERR215950	ERS202389	80	ERX190503	9.37	Baltic Sea	59.16633333	21.31583333	0	1	956000	S138	2008-07-07	2008.07.07	2008	07	07	188	2008.515068	precipitation mix	14:38	PCR	PRJEB1245	ERP002080	Baltic.S138
Baltic.S32	GGGGGG	GGGGGG	SAMEA1696219	ERR215984	ERS202392	40	ERX190499	7.39	Baltic Sea	55.55	18.4005	1	2	403000	S32	2008-06-23	2008.06.23	2008	06	23	174	2008.476712	precipitation mix	03:50	PCR	PRJEB1245	ERP002080	Baltic.S32
Baltic.S122	GGGGGG	GGGGGG	SAMEA1696371	ERR215870	ERS202378	90	ERX190541	9.47	Baltic Sea	59.83366667	25.901	0	1	3960000	S122	2008-07-04	2008.07.04	2008	07	04	185	2008.506849	precipitation mix	11:19	PCR	PRJEB1245	ERP002080	Baltic.S122
Baltic.S11	GGGGGG	GGGGGG	SAMEA1696363	ERR215796	ERS202362	80	ERX190529	15.5	Baltic Sea	55.25083333	15.982	1	2	5000000	S11	2008-06-19	2008.06.19	2008	06	19	170	2008.465753	precipitation mix	15:11	PCR	PRJEB1245	ERP002080	Baltic.S11
Baltic.S225	GGGGGG	GGGGGG	SAMEA1696283	ERR215803	ERS202385	179	ERX190634	35.2	Baltic Sea	58.14566667	10.27516667	0	1	1110000	S225	2008-07-14	2008.07.14	2008	07	14	195	2008.534247	precipitation mix	00:52	PCR	PRJEB1245	ERP002080	Baltic.S225
Baltic.S174	GGGGGG	GGGGGG	SAMEA1696227	ERR215911	ERS202354	87	ERX190622	9.66	Baltic Sea	56.76	17.35383333	0	0	4180000	S174	2008-07-10	2008.07.10	2008	07	10	191	2008.523288	precipitation mix	10:03	PCR	PRJEB1245	ERP002080	Baltic.S174
Baltic.S23	GGGGGG	GGGGGG	SAMEA1696354	ERR215930	ERS202381	10	ERX190547	7.3	Baltic Sea	55.2785	17.8075	0	1	3220000	S23	2008-06-22	2008.06.22	2008	06	22	173	2008.473973	precipitation mix	05:10	PCR	PRJEB1245	ERP002080	Baltic.S23
Baltic.S64	GGGGGG	GGGGGG	SAMEA1696297	ERR215955	ERS202358	100	ERX190637	10.84	Baltic Sea	58.30833333	20.35133333	0	1	1560000	S64	2008-06-27	2008.06.27	2008	06	27	178	2008.487671	precipitation mix	22:52	PCR	PRJEB1245	ERP002080	Baltic.S64
Baltic.S74	GGGGGG	GGGGGG	SAMEA1696368	ERR215881	ERS202397	115	ERX190583	5.9	Baltic Sea	62.14433333	19.719	0	0	1030000	S74	2008-06-29	2008.06.29	2008	06	29	180	2008.493151	precipitation mix	08:06	PCR	PRJEB1245	ERP002080	Baltic.S74
Baltic.S55	GGGGGG	GGGGGG	SAMEA1696277	ERR215942	ERS202359	119	ERX190469	11.37	Baltic Sea	57.30666667	20.0775	1	2	822000	S55	2008-06-26	2008.06.26	2008	06	26	177	2008.484932	precipitation mix	13:57	PCR	PRJEB1245	ERP002080	Baltic.S55
Baltic.S57	GGGGGG	GGGGGG	SAMEA1696293	ERR215947	ERS202371	230	ERX190563	12.63	Baltic Sea	57.30666667	20.0775	1	2	12800000	S57	2008-06-26	2008.06.26	2008	06	26	177	2008.484932	precipitation mix	13:57	PCR	PRJEB1245	ERP002080	Baltic.S57
Baltic.SL57	GGGGGG	GGGGGG	SAMEA1696313	ERR215948	ERS202373	1	ERX190477	0	Lake	60.80233333	17.8355	0	1	NA	SL57	NA	NA	NA	NA	NA	NA	NA	precipitation mix	NA	PCR	PRJEB1245	ERP002080	Baltic.SL57
Baltic.S75	GGGGGG	GGGGGG	SAMEA1696183	ERR215954	ERS202366	2	ERX190586	5.31	Baltic Sea	63.05966667	20.5145	0	1	3830000	S75	2008-06-29	2008.06.29	2008	06	29	180	2008.493151	precipitation mix	12:49	PCR	PRJEB1245	ERP002080	Baltic.S75
Baltic.S90	GGGGGG	GGGGGG	SAMEA1696312	ERR215793	ERS202383	30	ERX190479	4.73	Baltic Sea	63.5725	21.05983333	0	1	2790000	S90	2008-07-01	2008.07.01	2008	07	01	182	2008.49863	precipitation mix	13:54	PCR	PRJEB1245	ERP002080	Baltic.S90
Baltic.S67	GGGGGG	GGGGGG	SAMEA1696328	ERR215879	ERS202384	2	ERX190651	4.93	Baltic Sea	60.19333333	19.119	0	1	4340000	S67	2008-06-28	2008.06.28	2008	06	28	179	2008.490411	precipitation mix	21:33	PCR	PRJEB1245	ERP002080	Baltic.S67
Baltic.S175	GGGGGG	GGGGGG	SAMEA1696387	ERR215823	ERS202360	2	ERX190612	7.36	Baltic Sea	56.32	16.95083333	0	1	10800000	S175	2008-07-10	2008.07.10	2008	07	10	191	2008.523288	precipitation mix	12:55	PCR	PRJEB1245	ERP002080	Baltic.S175
Baltic.S203	GGGGGG	GGGGGG	SAMEA1696189	ERR215978	ERS202390	1	ERX190494	20.4	Baltic Sea	56.69216667	11.0725	0	1	3630000	S203	2008-07-12	2008.07.12	2008	07	12	193	2008.528767	precipitation mix	20:10	PCR	PRJEB1245	ERP002080	Baltic.S203
Baltic.S88	GGGGGG	GGGGGG	SAMEA1696343	ERR215863	ERS202380	10	ERX190591	3.46	Baltic Sea	63.5725	21.05983333	1	3	3780000	S88	2008-07-01	2008.07.01	2008	07	01	182	2008.49863	precipitation mix	13:54	PCR	PRJEB1245	ERP002080	Baltic.S88
Baltic.S13	GGGGGG	GGGGGG	SAMEA1696346	ERR215980	ERS202395	30	ERX190614	8.01	Baltic Sea	55.1845	14.43483333	1	2	856000	S13	2008-06-21	2008.06.21	2008	06	21	172	2008.471233	precipitation mix	09:21	PCR	PRJEB1245	ERP002080	Baltic.S13
Baltic.S59	GGGGGG	GGGGGG	SAMEA1696345	ERR215988	ERS202361	70	ERX190538	8.55	Baltic Sea	57.78366667	20.089	1	2	4930000	S59	2008-06-27	2008.06.27	2008	06	27	178	2008.487671	precipitation mix	19:34	PCR	PRJEB1245	ERP002080	Baltic.S59
Baltic.S164	GGGGGG	GGGGGG	SAMEA1696355	ERR215992	ERS202376	28	ERX190662	7.61	Baltic Sea	57.69983333	17.3535	0	0	3020000	S164	2008-07-10	2008.07.10	2008	07	10	191	2008.523288	precipitation mix	04:25	PCR	PRJEB1245	ERP002080	Baltic.S164
Baltic.S85	GGGGGG	GGGGGG	SAMEA1696272	ERR215993	ERS202400	40	ERX190640	3.18	Baltic Sea	64.70766667	22.05233333	0	0	2150000	S85	2008-06-30	2008.06.30	2008	06	30	181	2008.49589	precipitation mix	18:34	PCR	PRJEB1245	ERP002080	Baltic.S85
Baltic.S15	GGGGGG	GGGGGG	SAMEA1696299	ERR215805	ERS202386	10	ERX190638	7.63	Baltic Sea	55.53283333	14.91966667	1	2	1710000	S15	2008-06-21	2008.06.21	2008	06	21	172	2008.471233	precipitation mix	12:11	PCR	PRJEB1245	ERP002080	Baltic.S15
Baltic.S126	GGGGGG	GGGGGG	SAMEA1696204	ERR215851	ERS202391	80	ERX190629	8.82	Baltic Sea	59.78283333	26.58416667	0	0	4350000	S126	2008-07-04	2008.07.04	2008	07	04	185	2008.506849	precipitation mix	13:47	PCR	PRJEB1245	ERP002080	Baltic.S126
Baltic.S106	GGGGGG	GGGGGG	SAMEA1696218	ERR215903	ERS202363	55	ERX190554	7.49	Baltic Sea	59.50016667	21.967	0	1	919000	S106	2008-07-03	2008.07.03	2008	07	03	184	2008.50411	precipitation mix	15:43	PCR	PRJEB1245	ERP002080	Baltic.S106
Baltic.S186	GGGGGG	GGGGGG	SAMEA1696232	ERR215841	ERS202364	1	ERX190574	13.31	Baltic Sea	54.78783333	10.87916667	0	2	10000000	S186	2008-07-12	2008.07.12	2008	07	12	193	2008.528767	precipitation mix	03:02	PCR	PRJEB1245	ERP002080	Baltic.S186
Baltic.S111	GGGGGG	GGGGGG	SAMEA1696199	ERR215862	ERS202471	10	ERX190659	5.61	Baltic Sea	59.61666667	23.99933333	0	1	5110000	S111	2008-07-0	2008.07	2008	07	NA	NA	NA	precipitation mix	05:29	PCR	PRJEB1245	ERP002080	Baltic.S111
Baltic.S35	GGGGGG	GGGGGG	SAMEA1696294	ERR215890	ERS202458	10	ERX190575	7.36	Baltic Sea	55.933	18.92733333	0	1	3760000	S35	2008-06-23	2008.06.23	2008	06	23	174	2008.476712	precipitation mix	07:48	PCR	PRJEB1245	ERP002080	Baltic.S35
Baltic.S145	GGGGGG	GGGGGG	SAMEA1696367	ERR215935	ERS202408	80	ERX190512	10.11	Baltic Sea	58.86	19.09633333	0	0	3590000	S145	2008-07-07	2008.07.07	2008	07	07	188	2008.515068	precipitation mix	22:28	PCR	PRJEB1245	ERP002080	Baltic.S145
Baltic.S221	GGGGGG	GGGGGG	SAMEA1696342	ERR215797	ERS202468	1	ERX190487	30.63	Baltic Sea	58.14566667	10.27516667	0	1	3410000	S221	2008-07-14	2008.07.14	2008	07	14	195	2008.534247	precipitation mix	00:52	PCR	PRJEB1245	ERP002080	Baltic.S221
Baltic.S183	GGGGGG	GGGGGG	SAMEA1696296	ERR215799	ERS202462	2	ERX190520	8.09	Baltic Sea	55.1115	13.30066667	0	0	11400000	S183	2008-07-11	2008.07.11	2008	07	11	192	2008.526027	precipitation mix	18:19	PCR	PRJEB1245	ERP002080	Baltic.S183
Baltic.S54	GGGGGG	GGGGGG	SAMEA1696351	ERR215939	ERS202407	105	ERX190505	10.95	Baltic Sea	57.30666667	20.0775	0	2	555000	S54	2008-06-26	2008.06.26	2008	06	26	177	2008.484932	precipitation mix	13:57	PCR	PRJEB1245	ERP002080	Baltic.S54
Baltic.S45	GGGGGG	GGGGGG	SAMEA1696240	ERR215809	ERS202434	20	ERX190628	7.12	Baltic Sea	57.3055	20.0745	1	3	1410000	S45	2008-06-23	2008.06.23	2008	06	23	174	2008.476712	precipitation mix	19:24	PCR	PRJEB1245	ERP002080	Baltic.S45
Baltic.S133	GGGGGG	GGGGGG	SAMEA1696384	ERR215816	ERS202483	80	ERX190542	10.24	Baltic Sea	59.38283333	23.719	0	0	3100000	S133	2008-07-07	2008.07.07	2008	07	07	188	2008.515068	precipitation mix	11:32	PCR	PRJEB1245	ERP002080	Baltic.S133
Baltic.S118	GGGGGG	GGGGGG	SAMEA1696375	ERR215819	ERS202455	60	ERX190623	7.5	Baltic Sea	59.798	24.77916667	0	1	1380000	S118	2008-07-04	2008.07.04	2008	07	04	185	2008.506849	precipitation mix	08:26	PCR	PRJEB1245	ERP002080	Baltic.S118
Baltic.S131	GGGGGG	GGGGGG	SAMEA1696208	ERR215821	ERS202413	10	ERX190645	5.83	Baltic Sea	59.38283333	23.719	0	0	9980000	S131	2008-07-07	2008.07.07	2008	07	07	188	2008.515068	precipitation mix	11:32	PCR	PRJEB1245	ERP002080	Baltic.S131
Baltic.S7	GGGGGG	GGGGGG	SAMEA1696318	ERR215822	ERS202496	50	ERX190491	8.5	Baltic Sea	54.85683333	15.38433333	1	2	418000	S7	2008-06-19	2008.06.19	2008	06	19	170	2008.465753	precipitation mix	05:51	PCR	PRJEB1245	ERP002080	Baltic.S7
Baltic.S197	GGGGGG	GGGGGG	SAMEA1696285	ERR215991	ERS202439	20	ERX190555	30.81	Baltic Sea	56.21133333	11.11066667	0	1	5540000	S197	2008-07-12	2008.07.12	2008	07	12	193	2008.528767	precipitation mix	11:44	PCR	PRJEB1245	ERP002080	Baltic.S197
Baltic.S218	GGGGGG	GGGGGG	SAMEA1696187	ERR215825	ERS202415	20	ERX190567	30.99	Baltic Sea	57.675	11.09216667	0	1	1930000	S218	2008-07-13	2008.07.13	2008	07	13	194	2008.531507	precipitation mix	13:52	PCR	PRJEB1245	ERP002080	Baltic.S218
Baltic.S81.B	GGGGGG	GGGGGG	SAMEA1696231	ERR215990	ERS202469	10	ERX190656	2.99	Baltic Sea	65.3915	23.49916667	0	1	1970000	S81	2008-06-30	2008.06.30	2008	06	30	181	2008.49589	precipitation mix	00:34	PCR	PRJEB1245	ERP002080	Baltic.S81.B
Baltic.S5	GGGGGG	GGGGGG	SAMEA1696287	ERR215994	ERS202478	46	ERX190490	20	Baltic Sea	54.92583333	13.50083333	1	2	790000	S5	2008-06-18	2008.06.18	2008	06	18	169	2008.463014	precipitation mix	20:21	PCR	PRJEB1245	ERP002080	Baltic.S5
Baltic.S69	GGGGGG	GGGGGG	SAMEA1696222	ERR215832	ERS202414	80	ERX190572	6.62	Baltic Sea	60.19333333	19.119	0	1	761000	S69	2008-06-28	2008.06.28	2008	06	28	179	2008.490411	precipitation mix	21:33	PCR	PRJEB1245	ERP002080	Baltic.S69
Baltic.S137	GGGGGG	GGGGGG	SAMEA1696244	ERR215979	ERS202476	50	ERX190644	7.32	Baltic Sea	59.16633333	21.31583333	0	0	1090000	S137	2008-07-07	2008.07.07	2008	07	07	188	2008.515068	precipitation mix	14:38	PCR	PRJEB1245	ERP002080	Baltic.S137
Baltic.S61	GGGGGG	GGGGGG	SAMEA1696291	ERR215849	ERS202443	138	ERX190460	11.93	Baltic Sea	57.78366667	20.089	1	2	1720000	S61	2008-06-27	2008.06.27	2008	06	27	178	2008.487671	precipitation mix	19:34	PCR	PRJEB1245	ERP002080	Baltic.S61
Baltic.S214	GGGGGG	GGGGGG	SAMEA1696374	ERR215864	ERS202482	40	ERX190565	33.02	Baltic Sea	57.19166667	11.66683333	0	1	2640000	S214	2008-07-13	2008.07.13	2008	07	13	194	2008.531507	precipitation mix	01:40	PCR	PRJEB1245	ERP002080	Baltic.S214
Baltic.S100	GGGGGG	GGGGGG	SAMEA1696324	ERR215865	ERS202479	10	ERX190585	5.93	Baltic Sea	59.4995	21.0005	0	1	4480000	S100	2008-07-03	2008.07.03	2008	07	03	184	2008.50411	precipitation mix	12:19	PCR	PRJEB1245	ERP002080	Baltic.S100
Baltic.S149	GGGGGG	GGGGGG	SAMEA1696380	ERR215810	ERS202493	40	ERX190518	7.24	Baltic Sea	58.58316667	18.23366667	0	0	1440000	S149	2008-07-09	2008.07.09	2008	07	09	190	2008.520548	precipitation mix	10:52	PCR	PRJEB1245	ERP002080	Baltic.S149
Baltic.S212	GGGGGG	GGGGGG	SAMEA1696366	ERR215904	ERS202492	10	ERX190608	28.91	Baltic Sea	57.19166667	11.66683333	0	1	2760000	S212	2008-07-13	2008.07.13	2008	07	13	194	2008.531507	precipitation mix	01:40	PCR	PRJEB1245	ERP002080	Baltic.S212
Baltic.S121	GGGGGG	GGGGGG	SAMEA1696376	ERR215833	ERS202491	60	ERX190455	7.72	Baltic Sea	59.83366667	25.901	0	1	2330000	S121	2008-07-04	2008.07.04	2008	07	04	185	2008.506849	precipitation mix	11:19	PCR	PRJEB1245	ERP002080	Baltic.S121
Baltic.S195	GGGGGG	GGGGGG	SAMEA1696220	ERR215928	ERS202432	1	ERX190601	17.93	Baltic Sea	56.21133333	11.11066667	0	1	2830000	S195	2008-07-12	2008.07.12	2008	07	12	193	2008.528767	precipitation mix	11:44	PCR	PRJEB1245	ERP002080	Baltic.S195
Baltic.S146	GGGGGG	GGGGGG	SAMEA1696300	ERR215932	ERS202423	132	ERX190657	10.99	Baltic Sea	58.86	19.09633333	0	0	12700000	S146	2008-07-07	2008.07.07	2008	07	07	188	2008.515068	precipitation mix	22:28	PCR	PRJEB1245	ERP002080	Baltic.S146
Baltic.S170	GGGGGG	GGGGGG	SAMEA1696377	ERR215977	ERS202464	95	ERX190528	10.22	Baltic Sea	57.2235	17.58133333	0	0	8200000	S170	2008-07-10	2008.07.10	2008	07	10	191	2008.523288	precipitation mix	07:18	PCR	PRJEB1245	ERP002080	Baltic.S170
Baltic.S9	GGGGGG	GGGGGG	SAMEA1696352	ERR215869	ERS202428	10	ERX190610	7.54	Baltic Sea	55.25083333	15.982	1	2	204000000	S9	2008-06-19	2008.06.19	2008	06	19	170	2008.465753	precipitation mix	15:11:00	PCR	PRJEB1245	ERP002080	Baltic.S9
Baltic.S217	GGGGGG	GGGGGG	SAMEA1696281	ERR215874	ERS202457	13	ERX190624	29.17	Baltic Sea	57.675	11.09216667	0	0	2260000	S217	2008-07-13	2008.07.13	2008	07	13	194	2008.531507	precipitation mix	13:52	PCR	PRJEB1245	ERP002080	Baltic.S217
Baltic.S31	GGGGGG	GGGGGG	SAMEA1696358	ERR215949	ERS202481	10	ERX190465	7.37	Baltic Sea	55.55	18.4005	0	2	3320000	S31	2008-06-23	2008.06.23	2008	06	23	174	2008.476712	precipitation mix	03:50	PCR	PRJEB1245	ERP002080	Baltic.S31
Baltic.S139	GGGGGG	GGGGGG	SAMEA1696307	ERR215844	ERS202422	10	ERX190627	5.73	Baltic Sea	59.28483333	19.45983333	0	0	6210000	S139	2008-07-07	2008.07.07	2008	07	07	188	2008.515068	precipitation mix	19:32	PCR	PRJEB1245	ERP002080	Baltic.S139
Baltic.S14	GGGGGG	GGGGGG	SAMEA1696332	ERR215888	ERS202460	40	ERX190617	12.08	Baltic Sea	55.1845	14.43483333	0	2	904000	S14	2008-06-21	2008.06.21	2008	06	21	172	2008.471233	precipitation mix	09:21	PCR	PRJEB1245	ERP002080	Baltic.S14
Baltic.S222	GGGGGG	GGGGGG	SAMEA1696200	ERR215893	ERS202416	20	ERX190457	33.51	Baltic Sea	58.14566667	10.27516667	1	3	6610000	S222	2008-07-14	2008.07.14	2008	07	14	195	2008.534247	precipitation mix	00:52	PCR	PRJEB1245	ERP002080	Baltic.S222
Baltic.S112	GGGGGG	GGGGGG	SAMEA1696196	ERR215896	ERS202402	20	ERX190587	6.03	Baltic Sea	59.61666667	23.99933333	0	1	3730000	S112	2008-07-0	2008-07-0	2008	07	NA	NA	NA	precipitation mix	05:29	PCR	PRJEB1245	ERP002080	Baltic.S112
Baltic.S124	GGGGGG	GGGGGG	SAMEA1696341	ERR215898	ERS202406	25	ERX190664	4.91	Baltic Sea	59.78283333	26.58416667	0	1	3510000	S124	2008-07-04	2008.07.04	2008	07	04	185	2008.506849	precipitation mix	13:47	PCR	PRJEB1245	ERP002080	Baltic.S124
Baltic.S182	GGGGGG	GGGGGG	SAMEA1696337	ERR215901	ERS202429	49	ERX190582	8.69	Baltic Sea	56.32	16.95083333	1	2	2270000	S182	2008-07-11	2008.07.11	2008	07	11	192	2008.526027	precipitation mix	08:20	PCR	PRJEB1245	ERP002080	Baltic.S182
Baltic.S162	GGGGGG	GGGGGG	SAMEA1696241	ERR215956	ERS202448	118	ERX190509	10.38	Baltic Sea	58.1515	17.7365	0	0	3090000	S162	2008-07-10	2008.07.10	2008	07	10	191	2008.523288	precipitation mix	00:16	PCR	PRJEB1245	ERP002080	Baltic.S162
Baltic.S89	GGGGGG	GGGGGG	SAMEA1696254	ERR215876	ERS202472	20	ERX190517	3.56	Baltic Sea	63.5725	21.05983333	0	0	3230000	S89	2008-07-01	2008.07.01	2008	07	01	182	2008.49863	precipitation mix	13:54	PCR	PRJEB1245	ERP002080	Baltic.S89
Baltic.S3	GGGGGG	GGGGGG	SAMEA1696340	ERR215905	ERS202494	10	ERX190646	7.7	Baltic Sea	54.92583333	13.50083333	2	5	1740000	S3	2008-06-18	2008.06.18	2008	06	18	169	2008.463014	precipitation mix	20:21	PCR	PRJEB1245	ERP002080	Baltic.S3
Baltic.S93	GGGGGG	GGGGGG	SAMEA1696223	ERR215906	ERS202404	40	ERX190467	5.43	Baltic Sea	62.63083333	19.29116667	0	1	2280000	S93	2008-07-01	2008.07.01	2008	07	01	182	2008.49863	precipitation mix	21:42	PCR	PRJEB1245	ERP002080	Baltic.S93
Baltic.S205	GGGGGG	GGGGGG	SAMEA1696206	ERR215912	ERS202431	10	ERX190488	26.94	Baltic Sea	56.69216667	11.0725	0	1	3850000	S205	2008-07-12	2008.07.12	2008	07	12	193	2008.528767	precipitation mix	20:10	PCR	PRJEB1245	ERP002080	Baltic.S205
Baltic.S227	GGGGGG	GGGGGG	SAMEA1696252	ERR215914	ERS202436	20	ERX190611	33.82	Baltic Sea	58.35433333	10.30183333	0	1	NA	S227	2008-07-14	2008.07.14	2008	07	14	195	2008.534247	precipitation mix	19:36	PCR	PRJEB1245	ERP002080	Baltic.S227
Baltic.S66	GGGGGG	GGGGGG	SAMEA1696274	ERR215919	ERS202410	10	ERX190464	5.04	Baltic Sea	60.19166667	19.11716667	0	1	2300000	S66	2008-06-28	2008.06.28	2008	06	28	179	2008.490411	precipitation mix	11:35	PCR	PRJEB1245	ERP002080	Baltic.S66
Baltic.S211	GGGGGG	GGGGGG	SAMEA1696385	ERR215922	ERS202409	1	ERX190527	23.77	Baltic Sea	57.19166667	11.66683333	0	1	3100000	S211	2008-07-13	2008.07.13	2008	07	13	194	2008.531507	precipitation mix	01:40	PCR	PRJEB1245	ERP002080	Baltic.S211
Baltic.S52	GGGGGG	GGGGGG	SAMEA1696230	ERR215855	ERS202451	80	ERX190598	9.73	Baltic Sea	57.30666667	20.0775	1	2	483000	S52	2008-06-26	2008.06.26	2008	06	26	177	2008.484932	precipitation mix	13:57	PCR	PRJEB1245	ERP002080	Baltic.S52
Baltic.S19	GGGGGG	GGGGGG	SAMEA1696286	ERR215858	ERS202424	10	ERX190613	7.51	Baltic Sea	55.53283333	14.91966667	0	2	2460000	S19	2008-06-21	2008.06.21	2008	06	21	172	2008.471233	precipitation mix	14:46	PCR	PRJEB1245	ERP002080	Baltic.S19
Baltic.S78	GGGGGG	GGGGGG	SAMEA1696389	ERR215835	ERS202425	75	ERX190508	5.8	Baltic Sea	63.05966667	20.5145	0	1	1380000	S78	2008-06-29	2008.06.29	2008	06	29	180	2008.493151	precipitation mix	12:49	PCR	PRJEB1245	ERP002080	Baltic.S78
Baltic.S171	GGGGGG	GGGGGG	SAMEA1696203	ERR215836	ERS202417	10	ERX190504	7.28	Baltic Sea	56.76	17.35383333	0	0	9020000	S171	2008-07-10	2008.07.10	2008	07	10	191	2008.523288	precipitation mix	10:03	PCR	PRJEB1245	ERP002080	Baltic.S171
Baltic.S206	GGGGGG	GGGGGG	SAMEA1696360	ERR215923	ERS202495	13	ERX190606	26.64	Baltic Sea	56.69216667	11.0725	0	1	4180000	S206	2008-07-12	2008.07.12	2008	07	12	193	2008.528767	precipitation mix	20:10	PCR	PRJEB1245	ERP002080	Baltic.S206
Baltic.S215	GGGGGG	GGGGGG	SAMEA1696236	ERR215924	ERS202489	66	ERX190539	34.05	Baltic Sea	57.19166667	11.66683333	0	1	2640000	S215	2008-07-13	2008.07.13	2008	07	13	194	2008.531507	precipitation mix	01:40	PCR	PRJEB1245	ERP002080	Baltic.S215
Baltic.S224	GGGGGG	GGGGGG	SAMEA1696381	ERR215929	ERS202456	100	ERX190489	35.17	Baltic Sea	58.14566667	10.27516667	0	1	1450000	S224	2008-07-14	2008.07.14	2008	07	14	195	2008.534247	precipitation mix	00:52	PCR	PRJEB1245	ERP002080	Baltic.S224
Baltic.S208	GGGGGG	GGGGGG	SAMEA1696325	ERR215931	ERS202441	10	ERX190458	19.21	Baltic Sea	56.87683333	11.93283333	0	1	3610000	S208	2008-07-12	2008.07.12	2008	07	12	193	2008.528767	precipitation mix	23:10	PCR	PRJEB1245	ERP002080	Baltic.S208
Baltic.S91	GGGGGG	GGGGGG	SAMEA1696356	ERR215933	ERS202480	2	ERX190648	4.95	Baltic Sea	62.63083333	19.29116667	0	1	6470000	S91	2008-07-01	2008.07.01	2008	07	01	182	2008.49863	precipitation mix	21:42	PCR	PRJEB1245	ERP002080	Baltic.S91
Baltic.S92	GGGGGG	GGGGGG	SAMEA1696344	ERR215936	ERS202405	20	ERX190463	5.09	Baltic Sea	62.63083333	19.29116667	0	1	4850000	S92	2008-07-01	2008.07.01	2008	07	01	182	2008.49863	precipitation mix	21:42	PCR	PRJEB1245	ERP002080	Baltic.S92
Baltic.S172	GGGGGG	GGGGGG	SAMEA1696224	ERR215882	ERS202488	30	ERX190466	7.3	Baltic Sea	56.76	17.35383333	0	0	1760000	S172	2008-07-10	2008.07.10	2008	07	10	191	2008.523288	precipitation mix	10:03	PCR	PRJEB1245	ERP002080	Baltic.S172
Baltic.S155	GGGGGG	GGGGGG	SAMEA1696234	ERR215943	ERS202449	84	ERX190497	9.84	Baltic Sea	58.58333333	18.2335	0	0	NA	S155	2008-07-09	2008.07.09	2008	07	09	190	2008.520548	precipitation mix	16:57	PCR	PRJEB1245	ERP002080	Baltic.S155
Baltic.S79	GGGGGG	GGGGGG	SAMEA1696303	ERR215944	ERS202477	2	ERX190552	2.57	Baltic Sea	65.3915	23.49916667	0	1	2620000	S79	2008-06-30	2008.06.30	2008	06	30	181	2008.49589	precipitation mix	00:34	PCR	PRJEB1245	ERP002080	Baltic.S79
Baltic.S176	GGGGGG	GGGGGG	SAMEA1696239	ERR215946	ERS202474	20	ERX190530	7.4	Baltic Sea	56.32	16.95083333	0	0	5110000	S176	2008-07-10	2008.07.10	2008	07	10	191	2008.523288	precipitation mix	12:55	PCR	PRJEB1245	ERP002080	Baltic.S176
Baltic.S26	GGGGGG	GGGGGG	SAMEA1696301	ERR215952	ERS202437	70	ERX190619	11.2	Baltic Sea	55.2785	17.8075	1	3	598000	S26	2008-06-22	2008.06.22	2008	06	22	173	2008.473973	precipitation mix	05:10	PCR	PRJEB1245	ERP002080	Baltic.S26
Baltic.S194	GGGGGG	GGGGGG	SAMEA1696190	ERR215845	ERS202484	24	ERX190532	30.59	Baltic Sea	55.74816667	10.814	0	1	3810000	S194	2008-07-12	2008.07.12	2008	07	12	193	2008.528767	precipitation mix	08:42	PCR	PRJEB1245	ERP002080	Baltic.S194
Baltic.S58	GGGGGG	GGGGGG	SAMEA1696339	ERR215889	ERS202452	10	ERX190498	6.24	Baltic Sea	57.78366667	20.089	1	2	3870000	S58	2008-06-27	2008.06.27	2008	06	27	178	2008.487671	precipitation mix	19:34	PCR	PRJEB1245	ERP002080	Baltic.S58
Baltic.S81	GGGGGG	GGGGGG	SAMEA1696231	ERR215961	ERS202469	10	ERX190557	2.99	Baltic Sea	65.3915	23.49916667	0	1	1970000	S81	2008-06-30	2008.06.30	2008	06	30	181	2008.49589	precipitation mix	00:34	PCR	PRJEB1245	ERP002080	Baltic.S81
Baltic.S220	GGGGGG	GGGGGG	SAMEA1696263	ERR215963	ERS202445	34	ERX190602	32.51	Baltic Sea	57.675	11.09216667	0	1	1960000	S220	2008-07-13	2008.07.13	2008	07	13	194	2008.531507	precipitation mix	13:52	PCR	PRJEB1245	ERP002080	Baltic.S220
Baltic.S4	GGGGGG	GGGGGG	SAMEA1696309	ERR215965	ERS202459	30	ERX190660	11.1	Baltic Sea	54.92583333	13.50083333	1	2	994000	S4	2008-06-18	2008.06.18	2008	06	18	169	2008.463014	precipitation mix	20:21	PCR	PRJEB1245	ERP002080	Baltic.S4
Baltic.S157	GGGGGG	GGGGGG	SAMEA1696266	ERR215972	ERS202419	200	ERX190481	10.97	Baltic Sea	58.58333333	18.2335	0	1	NA	S157	2008-07-09	2008.07.09	2008	07	09	190	2008.520548	precipitation mix	16:57	PCR	PRJEB1245	ERP002080	Baltic.S157
Baltic.S189	GGGGGG	GGGGGG	SAMEA1696209	ERR215974	ERS202403	1	ERX190594	13	Baltic Sea	55.26866667	11.0525	0	0	9200000	S189	2008-07-12	2008.07.12	2008	07	12	193	2008.528767	precipitation mix	05:56	PCR	PRJEB1245	ERP002080	Baltic.S189
Baltic.S47	GGGGGG	GGGGGG	SAMEA1696365	ERR215976	ERS202454	100	ERX190562	10.86	Baltic Sea	57.3055	20.0745	1	2	1050000	S47	2008-06-23	2008.06.23	2008	06	23	174	2008.476712	precipitation mix	19:24	PCR	PRJEB1245	ERP002080	Baltic.S47
Baltic.S1	GGGGGG	GGGGGG	SAMEA1696215	ERR215808	ERS202487	10	ERX190553	10.5	Baltic Sea	54.387	12.1045	1	3	1080000	S1	2008-06-18	2008.06.18	2008	06	18	169	2008.463014	precipitation mix	12:28	PCR	PRJEB1245	ERP002080	Baltic.S1
Baltic.S24	GGGGGG	GGGGGG	SAMEA1696186	ERR215926	ERS202470	40	ERX190641	7.5	Baltic Sea	55.2785	17.8075	1	2	596000	S24	2008-06-22	2008.06.22	2008	06	22	173	2008.473973	precipitation mix	05:10	PCR	PRJEB1245	ERP002080	Baltic.S24
Baltic.S201	GGGGGG	GGGGGG	SAMEA1696359	ERR215982	ERS202467	20	ERX190609	28.57	Baltic Sea	56.36	12.2635	0	1	3010000	S201	2008-07-12	2008.07.12	2008	07	12	193	2008.528767	precipitation mix	15:33	PCR	PRJEB1245	ERP002080	Baltic.S201
Baltic.S16	GGGGGG	GGGGGG	SAMEA1696246	ERR215986	ERS202475	40	ERX190514	8.36	Baltic Sea	55.53283333	14.91966667	0	2	794000	S16	2008-06-21	2008.06.21	2008	06	21	172	2008.471233	precipitation mix	12:11	PCR	PRJEB1245	ERP002080	Baltic.S16
Baltic.S50	GGGGGG	GGGGGG	SAMEA1696247	ERR215997	ERS202447	48	ERX190635	7.4	Baltic Sea	57.30666667	20.0775	1	2	1400000	S50	2008-06-26	2008.06.26	2008	06	26	177	2008.484932	precipitation mix	13:57	PCR	PRJEB1245	ERP002080	Baltic.S50
Baltic.S150	GGGGGG	GGGGGG	SAMEA1696288	ERR215800	ERS202438	80	ERX190470	9.49	Baltic Sea	58.58316667	18.23366667	0	1	2010000	S150	2008-07-09	2008.07.09	2008	07	09	190	2008.520548	precipitation mix	10:52	PCR	PRJEB1245	ERP002080	Baltic.S150
Baltic.S152	GGGGGG	GGGGGG	SAMEA1696305	ERR215801	ERS202444	200	ERX190573	10.97	Baltic Sea	58.58316667	18.23366667	0	0	3120000	S152	2008-07-09	2008.07.09	2008	07	09	190	2008.520548	precipitation mix	10:52	PCR	PRJEB1245	ERP002080	Baltic.S152
Baltic.S223	GGGGGG	GGGGGG	SAMEA1696205	ERR215915	ERS202485	60	ERX190615	35.17	Baltic Sea	58.14566667	10.27516667	0	2	1450000	S223	2008-07-14	2008.07.14	2008	07	14	195	2008.534247	precipitation mix	00:52	PCR	PRJEB1245	ERP002080	Baltic.S223
Baltic.S163	GGGGGG	GGGGGG	SAMEA1696373	ERR215798	ERS202466	10	ERX190522	6.75	Baltic Sea	57.69983333	17.3535	0	0	13000000	S163	2008-07-10	2008.07.10	2008	07	10	191	2008.523288	precipitation mix	04:25	PCR	PRJEB1245	ERP002080	Baltic.S163
Baltic.S193	GGGGGG	GGGGGG	SAMEA1696279	ERR215829	ERS202463	14	ERX190595	29.85	Baltic Sea	55.74816667	10.814	0	1	3630000	S193	2008-07-12	2008.07.12	2008	07	12	193	2008.528767	precipitation mix	08:42	PCR	PRJEB1245	ERP002080	Baltic.S193
Baltic.S41	GGGGGG	GGGGGG	SAMEA1696329	ERR215840	ERS202497	100	ERX190549	11	Baltic Sea	56.847	19.70883333	0	2	884000	S41	2008-06-23	2008.06.23	2008	06	23	174	2008.476712	precipitation mix	13:39	PCR	PRJEB1245	ERP002080	Baltic.S41
Baltic.S70	GGGGGG	GGGGGG	SAMEA1696226	ERR215894	ERS202430	250	ERX190633	6.95	Baltic Sea	60.19333333	19.119	0	1	908000	S70	2008-06-28	2008.06.28	2008	06	28	179	2008.490411	precipitation mix	21:33	PCR	PRJEB1245	ERP002080	Baltic.S70
Baltic.S51	GGGGGG	GGGGGG	SAMEA1696357	ERR215895	ERS202427	70	ERX190545	8.05	Baltic Sea	57.30666667	20.0775	0	2	483000	S51	2008-06-26	2008.06.26	2008	06	26	177	2008.484932	precipitation mix	13:57	PCR	PRJEB1245	ERP002080	Baltic.S51
Baltic.S22	GGGGGG	GGGGGG	SAMEA1696317	ERR215873	ERS202461	70	ERX190625	14.7	Baltic Sea	55.53283333	14.91966667	0	1	596000	S22	2008-06-21	2008.06.21	2008	06	21	172	2008.471233	precipitation mix	14:46	PCR	PRJEB1245	ERP002080	Baltic.S22
Baltic.S40	GGGGGG	GGGGGG	SAMEA1696271	ERR215940	ERS202473	70	ERX190581	8.82	Baltic Sea	56.847	19.70883333	0	1	407000	S40	2008-06-23	2008.06.23	2008	06	23	174	2008.476712	precipitation mix	13:39	PCR	PRJEB1245	ERP002080	Baltic.S40
Baltic.S60	GGGGGG	GGGGGG	SAMEA1696257	ERR215966	ERS202418	100	ERX190560	10.99	Baltic Sea	57.78366667	20.089	1	2	3870000	S60	2008-06-27	2008.06.27	2008	06	27	178	2008.487671	precipitation mix	19:34	PCR	PRJEB1245	ERP002080	Baltic.S60
Baltic.S96	GGGGGG	GGGGGG	SAMEA1696333	ERR215975	ERS202420	10	ERX190566	4.77	Baltic Sea	62.58683333	19.96816667	0	1	4350000	S96	2008-07-02	2008.07.02	2008	07	02	183	2008.50137	precipitation mix	10:58	PCR	PRJEB1245	ERP002080	Baltic.S96
Baltic.S25	GGGGGG	GGGGGG	SAMEA1696311	ERR215981	ERS202412	60	ERX190630	8.3	Baltic Sea	55.2785	17.8075	1	2	492000	S25	2008-06-22	2008.06.22	2008	06	22	173	2008.473973	precipitation mix	05:10	PCR	PRJEB1245	ERP002080	Baltic.S25
Baltic.S17	GGGGGG	GGGGGG	SAMEA1696214	ERR215995	ERS202450	50	ERX190515	10.5	Baltic Sea	55.53283333	14.91966667	1	3	887000	S17	2008-06-21	2008.06.21	2008	06	21	172	2008.471233	precipitation mix	12:11	PCR	PRJEB1245	ERP002080	Baltic.S17
Baltic.S77	GGGGGG	GGGGGG	SAMEA1696217	ERR215812	ERS202486	40	ERX190652	5.63	Baltic Sea	63.05966667	20.5145	0	1	1310000	S77	2008-06-29	2008.06.29	2008	06	29	180	2008.493151	precipitation mix	12:49	PCR	PRJEB1245	ERP002080	Baltic.S77
Baltic.S160	GGGGGG	GGGGGG	SAMEA1696259	ERR215815	ERS202435	30	ERX190536	7.27	Baltic Sea	58.1515	17.7365	0	0	1880000	S160	2008-07-10	2008.07.10	2008	07	10	191	2008.523288	precipitation mix	00:16	PCR	PRJEB1245	ERP002080	Baltic.S160
Baltic.S27	GGGGGG	GGGGGG	SAMEA1696370	ERR215839	ERS202426	10	ERX190616	7.22	Baltic Sea	54.8665	19.2835	1	2	2880000	S27	2008-06-22	2008.06.22	2008	06	22	173	2008.473973	precipitation mix	16:19	PCR	PRJEB1245	ERP002080	Baltic.S27
Baltic.S87	GGGGGG	GGGGGG	SAMEA1696249	ERR215945	ERS202433	2	ERX190516	3.24	Baltic Sea	63.5725	21.05983333	0	1	4310000	S87	2008-07-01	2008.07.01	2008	07	01	182	2008.49863	precipitation mix	13:54	PCR	PRJEB1245	ERP002080	Baltic.S87
Baltic.S167	GGGGGG	GGGGGG	SAMEA1696280	ERR215967	ERS202442	5	ERX190600	7.16	Baltic Sea	57.2235	17.58133333	0	0	399000000	S167	2008-07-10	2008.07.10	2008	07	10	191	2008.523288	precipitation mix	07:18	PCR	PRJEB1245	ERP002080	Baltic.S167
Baltic.S123	GGGGGG	GGGGGG	SAMEA1696310	ERR215900	ERS202440	10	ERX190571	4.43	Baltic Sea	59.78283333	26.58416667	0	1	10800000	S123	2008-07-04	2008.07.04	2008	07	04	185	2008.506849	precipitation mix	13:47	PCR	PRJEB1245	ERP002080	Baltic.S123
Baltic.S104	GGGGGG	GGGGGG	SAMEA1696319	ERR215925	ERS202411	17	ERX190593	6.22	Baltic Sea	59.50016667	21.967	1	2	2720000	S104	2008-07-03	2008.07.03	2008	07	03	184	2008.50411	precipitation mix	15:43	PCR	PRJEB1245	ERP002080	Baltic.S104
Baltic.S43	GGGGGG	GGGGGG	SAMEA1696320	ERR215937	ERS202421	10	ERX190642	7.25	Baltic Sea	57.3055	20.0745	0	1	5460000	S43	2008-06-23	2008.06.23	2008	06	23	174	2008.476712	precipitation mix	19:24	PCR	PRJEB1245	ERP002080	Baltic.S43
Baltic.S38	GGGGGG	GGGGGG	SAMEA1696349	ERR215878	ERS202453	110	ERX190526	11.47	Baltic Sea	55.933	18.92733333	1	2	827000	S38	2008-06-23	2008.06.23	2008	06	23	174	2008.476712	precipitation mix	07:48	PCR	PRJEB1245	ERP002080	Baltic.S38
Baltic.S120	GGGGGG	GGGGGG	SAMEA1696386	ERR215909	ERS202465	40	ERX190580	6.57	Baltic Sea	59.83366667	25.901	0	1	1190000	S120	2008-07-04	2008.07.04	2008	07	04	185	2008.506849	precipitation mix	11:19	PCR	PRJEB1245	ERP002080	Baltic.S120
Baltic.S147	GGGGGG	GGGGGG	SAMEA1696182	ERR215964	ERS202490	10	ERX190459	6.86	Baltic Sea	58.58316667	18.23366667	0	0	9820000	S147	2008-07-09	2008.07.09	2008	07	09	190	2008.520548	precipitation mix	10:52	PCR	PRJEB1245	ERP002080	Baltic.S147
Baltic.S86	GGGGGG	GGGGGG	SAMEA1696298	ERR215802	ERS202518	115	ERX190569	3.69	Baltic Sea	64.70766667	22.05233333	0	0	1840000	S86	2008-06-30	2008.06.30	2008	06	30	181	2008.49589	precipitation mix	18:34	PCR	PRJEB1245	ERP002080	Baltic.S86
Baltic.S10	GGGGGG	GGGGGG	SAMEA1696321	ERR215813	ERS202516	60	ERX190570	9.36	Baltic Sea	55.25083333	15.982	1	2	5270000	S10	2008-06-19	2008.06.19	2008	06	19	170	2008.465753	precipitation mix	15:11	PCR	PRJEB1245	ERP002080	Baltic.S10
Baltic.S135	GGGGGG	GGGGGG	SAMEA1696326	ERR215828	ERS202498	10	ERX190546	6.42	Baltic Sea	59.16633333	21.31583333	0	0	13000000	S135	2008-07-07	2008.07.07	2008	07	07	188	2008.515068	precipitation mix	14:38	PCR	PRJEB1245	ERP002080	Baltic.S135
Baltic.S36	GGGGGG	GGGGGG	SAMEA1696364	ERR215834	ERS202513	40	ERX190576	7.4	Baltic Sea	55.933	18.92733333	1	2	438000	S36	2008-06-23	2008.06.23	2008	06	23	174	2008.476712	precipitation mix	07:48	PCR	PRJEB1245	ERP002080	Baltic.S36
Baltic.S144	GGGGGG	GGGGGG	SAMEA1696316	ERR215916	ERS202514	30	ERX190604	7.09	Baltic Sea	58.86	19.09633333	0	0	2980000	S144	2008-07-07	2008.07.07	2008	07	07	188	2008.515068	precipitation mix	22:28	PCR	PRJEB1245	ERP002080	Baltic.S144
Baltic.S114	GGGGGG	GGGGGG	SAMEA1696188	ERR215867	ERS202508	60	ERX190663	7.66	Baltic Sea	59.61666667	23.99933333	0	1	1310000	S114	2008-07-04	2008.07.04	2008	07	04	185	2008.506849	precipitation mix	05:29	PCR	PRJEB1245	ERP002080	Baltic.S114
Baltic.S207	GGGGGG	GGGGGG	SAMEA1696369	ERR215885	ERS202510	1	ERX190618	19.16	Baltic Sea	56.87683333	11.93283333	0	2	3520000	S207	2008-07-12	2008.07.12	2008	07	12	193	2008.528767	precipitation mix	23:10	PCR	PRJEB1245	ERP002080	Baltic.S207
Baltic.S153	GGGGGG	GGGGGG	SAMEA1696308	ERR215891	ERS202500	65	ERX190482	7.69	Baltic Sea	58.58333333	18.2335	0	0	NA	S153	2008-07-09	2008.07.09	2008	07	09	190	2008.520548	precipitation mix	16:57	PCR	PRJEB1245	ERP002080	Baltic.S153
Baltic.S71	GGGGGG	GGGGGG	SAMEA1696243	ERR215918	ERS202502	2	ERX190475	5.31	Baltic Sea	62.14433333	19.719	0	1	3380000	S71	2008-06-29	2008.06.29	2008	06	29	180	2008.493151	precipitation mix	08:06	PCR	PRJEB1245	ERP002080	Baltic.S71
Baltic.S132	GGGGGG	GGGGGG	SAMEA1696237	ERR215814	ERS202503	56	ERX190590	7.5	Baltic Sea	59.38283333	23.719	0	1	1080000	S132	2008-07-07	2008.07.07	2008	07	07	188	2008.515068	precipitation mix	11:32	PCR	PRJEB1245	ERP002080	Baltic.S132
Baltic.S109	GGGGGG	GGGGGG	SAMEA1696269	ERR215970	ERS202505	40	ERX190513	7.15	Baltic Sea	59.43583333	22.97216667	0	1	651000	S109	2008-07-03	2008.07.03	2008	07	03	184	2008.50411	precipitation mix	19:07	PCR	PRJEB1245	ERP002080	Baltic.S109
Baltic.S46	GGGGGG	GGGGGG	SAMEA1696282	ERR215938	ERS202499	80	ERX190476	9.79	Baltic Sea	57.3055	20.0745	0	1	303000	S46	2008-06-23	2008.06.23	2008	06	23	174	2008.476712	precipitation mix	19:24	PCR	PRJEB1245	ERP002080	Baltic.S46
Baltic.S30	GGGGGG	GGGGGG	SAMEA1696348	ERR215953	ERS202512	105	ERX190559	12.2	Baltic Sea	54.8665	19.2835	1	2	1140000	S30	2008-06-22	2008.06.22	2008	06	22	173	2008.473973	precipitation mix	16:19	PCR	PRJEB1245	ERP002080	Baltic.S30
Baltic.S165	GGGGGG	GGGGGG	SAMEA1696258	ERR215959	ERS202506	60	ERX190654	7.42	Baltic Sea	57.69983333	17.3535	0	0	1090000	S165	2008-07-10	2008.07.10	2008	07	10	191	2008.523288	precipitation mix	04:25	PCR	PRJEB1245	ERP002080	Baltic.S165
Baltic.S94	GGGGGG	GGGGGG	SAMEA1696334	ERR215960	ERS202501	105	ERX190543	6.08	Baltic Sea	62.63083333	19.29116667	0	1	1610000	S94	2008-07-01	2008.07.01	2008	07	01	182	2008.49863	precipitation mix	21:42	PCR	PRJEB1245	ERP002080	Baltic.S94
Baltic.S179	GGGGGG	GGGGGG	SAMEA1696331	ERR215791	ERS202515	2	ERX190531	7.6	Baltic Sea	56.32	16.95083333	0	0	9100000	S179	2008-07-11	2008.07.11	2008	07	11	192	2008.526027	precipitation mix	08:20	PCR	PRJEB1245	ERP002080	Baltic.S179
Baltic.S2	GGGGGG	GGGGGG	SAMEA1696378	ERR215807	ERS202511	20	ERX190540	16.9	Baltic Sea	54.387	12.1045	1	2	1070000	S2	2008-06-18	2008.06.18	2008	06	18	169	2008.463014	precipitation mix	12:28	PCR	PRJEB1245	ERP002080	Baltic.S2
Baltic.S63	GGGGGG	GGGGGG	SAMEA1696265	ERR215861	ERS202504	70	ERX190589	8.21	Baltic Sea	58.30833333	20.35133333	0	1	382000	S63	2008-06-27	2008.06.27	2008	06	27	178	2008.487671	precipitation mix	22:52	PCR	PRJEB1245	ERP002080	Baltic.S63
Baltic.S134	GGGGGG	GGGGGG	SAMEA1696202	ERR215899	ERS202507	107	ERX190474	10.66	Baltic Sea	59.38283333	23.719	0	0	3260000	S134	2008-07-07	2008.07.07	2008	07	07	188	2008.515068	precipitation mix	11:32	PCR	PRJEB1245	ERP002080	Baltic.S134
Baltic.S169	GGGGGG	GGGGGG	SAMEA1696221	ERR215910	ERS202509	60	ERX190478	8.05	Baltic Sea	57.2235	17.58133333	0	0	3720000	S169	2008-07-10	2008.07.10	2008	07	10	191	2008.523288	precipitation mix	07:18	PCR	PRJEB1245	ERP002080	Baltic.S169
Baltic.S181	GGGGGG	GGGGGG	SAMEA1696284	ERR215996	ERS202517	40	ERX190561	7.96	Baltic Sea	56.32	16.95083333	0	0	1930000	S181	2008-07-11	2008.07.11	2008	07	11	192	2008.526027	precipitation mix	08:20	PCR	PRJEB1245	ERP002080	Baltic.S181
